symbol,comapnyName,new52WHL,prev52WHL,prevHLDate,ltp,prevClose,change,pChange
AAREYDRUGS,Aarey Drugs & Pharmaceuticals Limited,103.5,102.96,17-Sep-2026,101.0,101.72,-0.72,-0.7078254030672434
ACE,Action Construction Equipment Limited,1241.5,1213.2,17-Sep-2026,1229.1,1205.6,23.5,1.949236894492369
ACMESOLAR,Acme Solar Holdings Limited,440.7,430.5,04-Sep-2026,438.65,411.3,27.35,6.649647459275468
ACSTECH,ACS Technologies Limited,66.15,63.0,17-Sep-2026,66.15,63,3.15,5.0
AEGISVOPAK,Aegis Vopak Terminals Limited,317.0,316.0,17-Sep-2026,316.0,310.7,5.3,1.7058255551979402
AHCL,Anlon Healthcare Limited,24.78,22.94,15-Sep-2026,23.1,21.84,1.26,5.769230769230769
ALGOQUANT,Algoquant Fintech Limited,76.2,71.85,17-Sep-2026,72.67,70.13,2.54,3.6218451447312137
ALUFLUOR,Alufluoride Limited,542.5,509.9,02-Sep-2026,538.0,492.2,45.8,9.30516050386022
ANANDRATHI,Anand Rathi Wealth Limited,2268.4,2255.0,07-Sep-2026,2225.0,2207.4,17.6,0.7973181118057443
APARINDS,Apar Industries Limited,19080.0,18465.0,12-Aug-2026,18791.0,17801,990.0,5.5614853098140555
APOORVA,Apoorva Leasing Finance and Investment Company Limited,31.2,29.75,17-Sep-2026,31.1,29.75,1.35,4.53781512605042
ASTAR,Asian Star Company Limited,807.35,723.0,13-May-2026,807.35,672.8,134.55,19.998513674197383
AUROPHARMA,Aurobindo Pharma Limited,1734.0,1717.0,31-Aug-2026,1734.0,1690,44.0,2.603550295857988
AVALON,Avalon Technologies Limited,2618.0,2424.0,07-Sep-2026,2602.0,2230,372.0,16.681614349775785
BHAGYANGR,Bhagyanagar India Limited,467.9,446.5,17-Sep-2026,447.0,446.5,0.5,0.11198208286674133
BIRLACABLE,Birla Cable Limited,418.8,411.95,15-Sep-2026,408.4,401.65,6.75,1.6805676584090625
BODALCHEM,Bodal Chemicals Limited,191.23,189.68,09-Sep-2026,191.23,182.13,9.1,4.996431120628123
CONFIPET,Confidence Petroleum India Limited,92.61,91.65,15-Sep-2026,91.8,86.76,5.04,5.809128630705394
CPCAP,CP Capital Limited,152.0,144.4,19-Sep-2025,145.5,141.05,4.45,3.15490960652251
CSM,CSM Technologies Limited,114.9,113.0,02-Jul-2026,111.5,102.64,8.86,8.63211223694466
DICIND,DIC India Limited,642.0,638.95,04-Sep-2026,628.3,628.45,-0.15,-0.02386824727504177
DSKULKARNI,DS Kulkarni Developers Limited,22.71,22.27,17-Sep-2026,22.71,22.27,0.44,1.9757521329142345
EMCURE,Emcure Pharmaceuticals Limited,2100.7,2048.0,10-Aug-2026,2083.0,1909.8,173.2,9.06901246203791
EMIL,Electronics Mart India Limited,202.86,196.74,13-Aug-2026,195.9,185.07,10.83,5.851839844383206
FILATEX,Filatex India Limited,94.5,91.9,17-Sep-2026,93.42,90.35,3.07,3.397897066961815
GCSL,Gretex Corporate Services Limited,620.5,616.9,10-Sep-2026,617.2,594.35,22.85,3.8445360477832926
GFSTEELS,Grand Foundry Limited,25.44,24.23,17-Sep-2026,25.44,24.23,1.21,4.993809327280231
GKSL,Gujarat Kidney And Super Speciality Limited,186.0,183.05,15-Sep-2026,182.0,177.82,4.18,2.350691710718704
GLASSWALL,Glass Wall Systems (India) Limited,304.2,257.82,17-Sep-2026,273.6,257.82,15.78,6.120549220386316
GMMPFAUDLR,GMM Pfaudler Limited,1475.0,1384.8,15-Sep-2026,1458.0,1363.4,94.6,6.938536012908904
GOCLCORP,GOCL Corporation Limited,461.4,459.9,22-Jun-2026,448.0,456.15,-8.15,-1.7866929738024773
GRAUWEIL,Grauer & Weil India Limited,88.53,87.4,02-Jul-2026,86.7,79.09,7.61,9.621949677582501
IL&FSENGG,IL&FS Engineering and Construction Company Limited,40.95,40.05,17-Sep-2026,40.95,39,1.95,5.0
INDOKEM,Indokem Limited,668.0,666.9,17-Sep-2026,615.05,643.15,-28.1,-4.369120733887896
INDOMIM,INDO-MIM Limited,1064.0,1028.5,10-Sep-2026,1062.0,993.2,68.8,6.927104309303262
IPCALAB,IPCA Laboratories Limited,2038.0,2014.0,17-Sep-2026,1999.0,1970.3,28.7,1.4566309699030604
IRISDOREME,Iris Clothings Limited,66.3,65.0,07-Sep-2026,64.98,62.55,2.43,3.884892086330935
JSWINFRA,JSW Infrastructure Limited,356.95,355.8,13-Jul-2026,349.65,326.65,23.0,7.041175570182152
JYOTICNC,Jyoti CNC Automation Limited,1065.0,1058.85,08-Sep-2026,1053.55,980.85,72.7,7.411938624662283
KAMDHENU,Kamdhenu Limited,41.05,40.95,08-Sep-2026,41.05,39.5,1.95,4.987212276214834
KARAMTARA,Karamtara Engineering Limited,377.9,352.0,17-Sep-2026,350.0,352,-2.0,-0.5681818181818182
KISSHT,OnEMI Technology Solutions Limited,373.0,366.8,17-Sep-2026,356.5,359.95,-3.45,-0.9584664536741214
KOPRAN,Kopran Limited,282.1,274.78,16-Sep-2026,276.0,268.59,7.41,2.7588517815257454
KROSS,Kross Limited,248.77,243.8,17-Sep-2026,238.8,242.05,-3.25,-1.3426977897128693
LAURUSLABS,Laurus Labs Limited,1982.0,1981.8,11-Sep-2026,1954.0,1948.1,5.9,0.30285919613982853
LENSKART,Lenskart Solutions Limited,725.0,703.5,10-Sep-2026,721.4,679.95,41.45,6.096036473270093
LIQUIDCASE,Zerodha Fund House - Zerodha Nifty 1D Rate Liquid ETF,116.01,115.96,17-Sep-2026,116.0,115.95,0.05,0.043122035360069
LIQUIDSHRI,Shriram Mutual Fund -SHRIRAM NIFTY 1D RATE LIQUID ETF,1122.15,1121.74,17-Sep-2026,1122.15,1121.72,0.43,0.03833398709125272
MACPOWER,Macpower CNC Machines Limited,2149.0,2050.0,28-Aug-2026,2100.0,1921.6,178.4,9.283930058284763
MASPTOP50,Mirae Asset Mutual Fund - Mirae Asset S&P 500 Top 50 ETF,124.59,111.56,09-Sep-2026,124.59,103.83,20.76,19.99422132331696
MAXESTATES,Max Estates Limited,595.0,584.0,17-Sep-2026,594.0,577.6,16.4,2.839335180055402
MBECL,Mcnally Bharat Engineering Company Limited,401.59,382.47,17-Sep-2026,401.59,382.47,19.12,4.999084895547363
MKEXIM,M.K. Exim (India) Limited,69.87,68.69,27-Aug-2026,69.0,67.23,2.37,3.5569563259792885
MONQ50,Motilal Oswal Mutual Fund - Motilal Oswal Nasdaq Q 50 ETF,396.3,330.33,17-Sep-2026,396.3,330.25,66.05,20.0
MOREPENLAB,Morepen Laboratories Limited,123.45,122.55,08-Sep-2026,120.8,120.56,0.44,0.36556995679627785
NEOGEN,Neogen Chemicals Limited,2498.2,2484.8,17-Sep-2026,2477.0,2395.6,81.4,3.3978961429287025
NRBBEARING,NRB Bearing Limited,534.9,519.0,11-Sep-2026,529.5,472.2,57.3,12.134688691232528
NRL,Nupur Recyclers Limited,143.98,139.0,16-Sep-2026,143.98,137.13,6.85,4.995259972289069
PRASOLCHEM,Prasol Chemicals Limited,734.9,691.5,17-Sep-2026,702.0,678.8,23.2,3.417796110783736
PVRINOX,PVR INOX Limited,1339.8,1284.5,25-Aug-2026,1328.8,1272.7,56.1,4.407951598962835
QMSMEDI,QMS Medical Allied Services Limited,177.36,170.99,17-Sep-2026,177.36,168.92,8.44,4.996448022732655
QUADFUTURE,Quadrant Future Tek Limited,554.4,534.35,17-Sep-2026,525.5,521.5,4.0,0.7670182166826462
QUINT,Quint Digital Limited,70.02,63.66,17-Sep-2026,70.02,63.66,6.36,9.99057492931197
RAMBHAJO,Advit Jewels Limited,292.78,289.0,10-Sep-2026,290.5,266.17,24.33,9.140774692865461
RATNAVEER,Ratnaveer Precision Engineering Limited,331.95,322.0,17-Sep-2026,300.5,303.85,-3.35,-1.1025176896494981
REDINGTON,Redington Limited,413.2,403.25,10-Sep-2026,399.6,400.1,-0.5,-0.12496875781054737
RENTOMOJO,Rentomojo Limited,581.95,546.8,17-Sep-2026,512.15,534.25,-22.1,-4.13664014974263
RIR,RIR Power Electronics Limited,213.94,207.71,17-Sep-2026,197.5,197.63,-0.13,-0.06577948692000202
ROSSTECH,Rossell Techsys Limited,1464.9,1426.9,17-Sep-2026,1373.0,1357.2,15.8,1.164161508989095
SAMBHV,Sambhv Steel Tubes Limited,150.99,141.32,11-May-2026,150.11,129.09,21.02,16.283213262065225
SANSERA,Sansera Engineering Limited,4300.0,4183.6,15-Sep-2026,4262.0,4017.5,244.5,6.085874299937772
SBC,SBC Exports Limited,49.8,49.38,10-Sep-2026,48.99,48.25,0.74,1.5336787564766838
SGRL,Shree Ganesh Remedies Limited,722.65,722.0,08-Sep-2026,702.0,678.2,23.8,3.5092892951931582
SHAREINDIA,Share India Securities Limited,233.35,219.95,17-Sep-2026,226.23,218.44,7.79,3.5661966672770555
SHILPAMED,Shilpa Medicare Limited,1033.1,980.1,07-Sep-2026,1028.0,958.35,69.65,7.267699692179266
SIGMAADV,SIGMA ADVANCED SYSTEMS LIMITED,888.3,867.0,15-Sep-2026,867.45,857.4,10.05,1.172148355493352
SKFINDUS,SKF India (Industrial) Limited,3218.7,3131.0,03-Sep-2026,2950.0,2940.3,9.7,0.32989830969628947
SOFTTECH,Softtech Engineers Limited,525.7,500.7,17-Sep-2026,525.7,500.7,25.0,4.993009786299181
SOMANYCERA,Somany Ceramics Limited,579.25,576.8,02-Sep-2026,576.85,565.85,11.0,1.9439780860652116
STEAMHOUSE,Steamhouse India Limited,106.0,103.95,17-Sep-2026,98.4,102.55,-4.15,-4.0468064358849345
STLNETWORK,STL Networks Limited,42.95,40.91,17-Sep-2026,42.95,40.91,2.04,4.986555854314348
SWANDEF,Swan Defence and Heavy Industries Limited,2764.0,2750.0,11-Aug-2026,2754.0,2720.8,33.2,1.220229344310497
SYRMA,Syrma SGS Technology Limited,1764.0,1660.0,09-Sep-2026,1720.0,1617.7,102.3,6.323793039500526
TALBROAUTO,Talbros Automotive Components Limited,480.8,451.6,10-Aug-2026,478.0,435.2,42.8,9.834558823529411
TBZ,Tribhovandas Bhimji Zaveri Limited,603.55,583.05,09-Sep-2026,603.55,574.85,28.7,4.992606766982691
TIMEX,Timex Group India Limited,729.0,687.8,31-Aug-2026,720.0,611.1,108.9,17.820324005891017
UNIVPHOTO,Universus Photo Imagings Limited,624.75,620.0,17-Sep-2026,583.5,614,-30.5,-4.96742671009772
VALIANTORG,Valiant Organics Limited,428.85,414.0,15-Sep-2026,427.6,408.45,19.15,4.688456359407517
VEEGALAND,Veegaland Developers Limited,154.0,0.0,-,146.3,140,-7.7,-5.0
VELJAN,Veljan Denison Limited,2009.0,1996.8,17-Sep-2026,1935.0,1978.3,-43.3,-2.188747914876409
VENUSPIPES,Venus Pipes & Tubes Limited,2309.1,2160.0,17-Sep-2026,2263.4,2131.7,131.7,6.178167659614393
WELENT,Welspun Enterprises Limited,837.75,825.0,04-Sep-2026,820.0,778.7,41.3,5.303711313728008
WELSPUNLIV,Welspun Living Limited,216.0,216.0,07-Sep-2026,214.02,212.25,1.77,0.833922261484099
WSTCSTPAPR,West Coast Paper Mills Limited,772.0,743.0,17-Sep-2026,768.8,716.45,52.35,7.306860213552935
XTRANET,Xtranet Technologies Limited,330.0,308.67,17-Sep-2026,311.0,302.42,8.58,2.8371139474902454
YATHARTH,Yatharth Hospital & Trauma Care Services Limited,1184.0,1083.8,17-Sep-2026,1134.0,1072.4,61.6,5.7441253263707575
IMPEXFERRO,Impex Ferro Tech Limited,5.58,5.48,17-Sep-2026,5.58,5.48,0.1,1.8248175182481752
ROLLT,Rollatainers Limited,5.71,5.44,17-Sep-2026,5.71,5.44,0.27,4.963235294117647
TOYAMSL,Toyam Sports Limited,0.77,0.74,17-Sep-2026,0.77,0.74,0.03,4.054054054054054
